{
  "project_info": {
    "project_number": "122540534189",
    "project_id": "songswipe-2e815",
    "storage_bucket": "songswipe-2e815.appspot.com"
  },
  "client": [
    {
      "client_info": {
        "mobilesdk_app_id": "1:122540534189:android:df4b21379dfd0529179924",
        "android_client_info": {
          "package_name": "com.example.songswipe4"
        }
      },
      "oauth_client": [],
      "api_key": [
        {
          "current_key": "AIzaSyDAdrcjXmp4a3qzmA6NlcuCGZk6vkizoyk"
        }
      ],
      "services": {
        "appinvite_service": {
          "other_platform_oauth_client": []
        }
      }
    }
  ],
  "configuration_version": "1"
}